country_byte,corr_N1_K_out,corr_N1_N2_out,corr_N1_N2_CWON,corr_N1_K_CWON,g_n1,g_k,g_n2,g_n1_CWON,g_n2_CWON,dlog_tfp,g_A,sdn1,sdK,sdn2,sdA,bias_reduction,RMSE_reduction,RMSE_baseline,RMSE_baseline_NK,RMSE_reduction_share,g_A_bar,g_hat_A,g_tilde_A,country_string
AGO,.1635720680388605,.1238004433638205,-.3090153247686203,.2315525121769867,.0296438401528104,.0316290319889964,.0033809165438589,.0045504682221024,-.0000491695111909,-.0059755102243005,-.0059755102243005,.1092917544269022,.0257786492930349,.0063247632151478,.0716329943515313,.00038831844,.000016716787,.0085882656,.0086049819,.001942687,-.00597551,-.0054209838,-.005809302,AGO
ARG,.1194791110441409,-.0228785890128613,-.0515748470291616,.0604635546330999,.0038703420243113,.0251420866892128,-.0012073263804736,.0063402711200253,-.0001323266718358,-.0042797712955987,-.0042797712955987,.1071332385749855,.0170145463750482,.0056646196624915,.0422231731471113,.00075128977,.00006413518,.0050874539,.0051515889,.012449591,-.0042797714,-.0050923503,-.0043410608,ARG
ARM,.3123076498656854,.241569002670097,-.1293087425823898,-.1181486116165282,.1168257890031566,.0283621491264603,.0031362934070567,.018124112447235,.0001678198374824,.0626677202477814,.0626677202477814,.1637081393194056,.0346201445358667,.0099546907384645,.0644056576039554,.0038080064,.00092787226,.0077604605,.0086883325,.1067952,.06266772,.066571549,.062763542,ARM
AUS,-.0463989420132219,-.0043218117882647,-.305894608015338,.0838702252820426,.0394605644447575,.0397838085077348,-.0030428209020224,.012645227654794,.0003141957107262,.003122451446975,.003122451446975,.0820754080013119,.0112704923276765,.0103074996675803,.0147850127121776,.002342317,.0012553551,.0018401371,.003095492,.40554297,.0031224515,.0056154705,.0029717493,AUS
AUT,.0227096134869731,.0420901928895162,-.1900814620917677,-.0119712949355524,-.0250223377925062,.0310711851771857,.0001672627956514,.0233995532228056,.0009936572264841,.0057104640216769,.0057104640216769,.1285046835968257,.0153461365062354,.0189342271376991,.0109808053041502,.0015202264,.00064685522,.0015207343,.0021675895,.29842147,.005710464,.0041722781,.0057284231,AUT
AZE,-.058002974329321,-.1313893703835682,-.4029553972815829,-.1163917658020443,-.0045861573595772,.0668972537737318,.0006232741511848,.0136141996256993,.0000330842198807,,,.3778538201393317,.0435201231155063,.0028887988215487,,.0014536915,,,,,,,,AZE
BDI,.3180182533890707,.0477031922463878,.1847718848144921,-.0696287734378501,.0689047561259014,.032785720723095,-.0005129825644368,-.0033365365676154,.0001503240336694,-.0092025182761986,-.0092025182761986,.4161504481696464,.0333700208683272,.0077981072467349,.0368526412398514,.0030591083,.00086588459,.0050583817,.0059242663,.14615895,-.0092025185,-.012284237,-.0092251282,BDI
BEL,.0092582921820305,-.0243297265898769,,,-.049524117842118,.0259641235004658,-.0009492914355535,0,.0005286643550708,.0067974446230509,.0067974446230509,.2906555277801238,.0111830639008376,.0074937834869701,.0134173647520064,.0027868431,.0013273268,.0023646106,.0036919373,.35952041,.0067974445,.0039613876,.0067482307,BEL
BEN,-.3143949961701796,-.0774667636611427,.180318089769219,-.0879783770984308,.0183936403508772,.0332425817400625,.0033914703684828,.0096655589308879,-.0002011637050075,.0117952314766616,.0117952314766616,.0977273911772103,.0276297426447095,.0093401640558213,.032017217261922,.0027452717,.00098343636,.0038758738,.0048593101,.20238188,.011795231,.014732818,.011987546,BEN
BFA,.1497881834007532,-.0939729300084836,.1190928652119796,-.6430270674030587,.2502675018946472,.0700025408416265,.0012536992179677,-.001664651292283,.0002994521552192,.0005881243496691,.0005881243496691,.4720067779310996,.0241451787240072,.0089363873133533,.0463065284567368,.0022603087,.00041929996,.0062124105,.0066317106,.063226521,.00058812433,.0029152392,.0006549306,BFA
BGR,-.2411441734180653,.1671924060188452,-.023287785720989,.2687755328212234,.0044696352766552,.0478052660319228,-.0018009963723319,.0002042715834743,.0004640991200134,-.0021616609356853,-.0021616609356853,.0600476422182436,.0358678035982586,.0066364265898576,.0399522732640657,.00098503579,.00012366079,.0047900164,.0049136775,.025166648,-.0021616609,-.0010632592,-.0022750269,BGR
BHR,.1387868386652321,-.0065597052571829,-.3284277251120422,-.0600170774112563,.0402781872423005,.0561226478525872,-.0007471725968531,.0646826036594298,.0003957033415718,-.0217077118472855,-.0217077118472855,.1207271166562741,.0304324914640579,.0105944518312993,.0566391472192975,.00039448414,.000013813956,.0068081114,.0068219258,.0020249349,-.021707712,-.021276144,-.021744795,BHR
BIH,.3471400369484748,-.1529214133094146,.2869653142125603,-.0271720370670617,.0231640786632143,.0704388087021416,.0020425282996762,.0001692225476839,-.0000189528878152,,,.1923394730469872,.0505421327757153,.0302453909110861,,.0033857506,,,,,,,,BIH
BLR,.0637582928284417,-.1394120410544063,,,-.0354653493667769,.0314761622590681,-.0007445666041263,0,-.0002424058587721,,,.306352184299325,.029377135289285,.0015667746848397,,.0028176543,,,,,,,,BLR
BOL,-.0152122529620033,-.0327956668575921,.1434554510177285,-.1633037333675335,.0604754020278491,.0307403668881447,-.0001460738011756,.0110831340612154,-.0001354998143722,-.0012920800649175,-.0012920800649175,.2284440759532886,.025815415839435,.0024893559604748,.0215885079485128,.0032172238,.001429435,.0029192294,.0043486645,.32870665,-.00129208,.0019312925,-.001298229,BOL
BRA,.2710808143584136,.0565540478526159,.129374703732172,-.1798493979215121,.0627399686568325,.0405479546540397,.0027307395331444,.0283883906124401,.0000974239923339,-.0036337488832175,-.0036337488832175,.1218380701135897,.0295524851392984,.0125197300255795,.0309221483983907,.00087663566,.0001316869,.0037692233,.0039009103,.033757992,-.003633749,-.0026260405,-.003502676,BRA
BWA,-.0018994252122722,.0633353283831234,.0339836180808467,-.1311916475675819,.0645151546216619,.0856754687881821,-.0010329555173438,.0218869878176013,-.0002145562720609,.0034894466502566,.0034894466502566,.2727402347402896,.052106410184816,.0014784575983621,.0447269424810288,.00316393,.00085949019,.0055890996,.0064485897,.13328344,.0034894466,.0067061465,.0034366767,BWA
CAF,.0835552377710297,-.1162086648088944,-.0849580030864054,.0250362621550952,.0938011807427502,.003355404714891,.0000916861796255,-.0016602459823378,-.0000129155296007,-.001410805484044,-.001410805484044,.4460338192973393,.013964507513088,.0019768894779661,.0783797711964551,.0042401138,.00088527583,.0097400183,.010625294,.083317772,-.0014108055,.0028360928,-.0014040208,CAF
CAN,-.1304737749731917,-.0016061225324918,-.2204114027466559,-.0702058690106253,.0159293724394892,.0355546832220628,.001670670339868,.0049854467195806,.0004521605375587,.0014423469089486,.0014423469089486,.066443970217633,.0103716869056889,.0136788699117398,.0117799274562758,.0022816237,.001317527,.0014653188,.0027828459,.47344592,.001442347,.0038082718,.0015266482,CAN
CHE,-.021888349133742,-.4910481810100351,.0342429571450909,.0167057698100209,.1386869909683328,.0256793407696371,.0004738336640519,.0000893429324765,.0010833186727683,.003482950850436,.003482950850436,.2188486705808887,.0119016769059903,.0272962694651246,.0152084769991428,.0069945497,.0055010337,.0022902922,.0077913259,.70604593,.0034829509,.010957768,.003963219,CHE
CHL,.1743078290838136,-.2865240005187321,-.1833678183408427,-.0275593436959497,.0404992399265601,.049494589005326,.001532933605534,.0210276796599041,.0003954245167026,-.0023296882733171,-.0023296882733171,.0654102372155412,.0204967394970665,.0177120939442447,.0393193398624144,.00059648813,.000052345247,.0047175405,.0047698854,.01097411,-.0023296883,-.0016046726,-.0022011606,CHL
CHN,.1243726545634454,-.016439515390712,.0848984699981037,-.0190932969761826,.0409024487035147,.0937442629034364,.0005681792921768,.0118481074678178,.0000257448896792,.0027032306770666,.0027032306770666,.1309275757338708,.0187596620026545,.0016769996970161,.0299190890814175,.0019670993,.00050824333,.0036607215,.0041689649,.12191116,.0027032306,.00070815522,.0027312068,CHN
CIV,-.3208714745797819,-.1933234591372415,.044970864993822,-.0509729547563186,.1682055858047356,.0418483757802294,.0002705771004185,-.0026624160950505,-.0000869655013525,-.0028243940047248,-.0028243940047248,.3097674128771611,.0494783626159574,.002599172301343,.0428935087844788,.012590865,.0083021699,.0054508653,.013753035,.60366094,-.002824394,.0098028081,-.0027880557,CIV
CMR,.0843526186484055,.2980845282632482,-.1817677929506995,-.0598796215614215,.0417818308970322,.0428096859855125,.0007336005318491,.0178213169446379,.0000244143918707,-.0043072483011501,-.0043072483011501,.3472967424491932,.0230261826401458,.003606349943265,.0406810396541204,.00055883307,.000036063819,.0052868966,.0053229602,.0067751436,-.0043072482,-.0049047386,-.0042685913,CMR
COL,.1341336545714791,-.000864751091574,.0857867420179586,.0244502883054599,.0425341600929516,.0403852957959134,.0013989562382239,.0039675906269931,-.0006881904814095,.0002620609731414,.0002620609731414,.1966952622744408,.0155461665008096,.0125836952282603,.0158882835409996,.0011603711,.00031640759,.0022344762,.0025508839,.12403842,.00026206096,-.00096818467,.00033193553,COL
CRI,-.0864307894356092,-.0570310889783096,.1347103045725379,.0742785476025122,.119940284287784,.0481320725981609,-.0002754993068639,-.0019189551892711,-.0001088488165195,-.000956233205555,-.000956233205555,.5068218779715652,.0212760951393489,.0035238612018183,.0218933401744296,.010928757,.0076445499,.0040026698,.01164722,.6563412,-.00095623318,.0099819237,-.00096563273,CRI
CZE,.2938133042337123,-.1034879532635916,-.0081325287594743,-.1793331739136944,.0012706994161199,.024696521654115,-.0013489427698531,.0526928217494259,.0004965242886566,.012267175893053,.012267175893053,.1547718082550018,.0169956889770826,.008258336742531,.0231314428671515,.0032208073,.001491757,.0029166508,.004408408,.33838907,.012267176,.0089593371,.012180145,CZE
DEU,.4915437378959525,.0039166512456873,-.2580626306867214,.2306039924304407,-.0192235230192442,.0248212412217038,-.0004778522068914,.0214757503903244,-.0001997361283982,.010277239589768,.010277239589768,.0757871716071936,.013026728345167,.0056499653430917,.0154753293817792,.0045119943,.0030135119,.0019044287,.0049179406,.61275887,.01027724,.0057430891,.010255083,DEU
DNK,.1913865296589376,-.3069446931145473,.0034255202930023,-.0054980646225325,-.011863729701118,.0287119026518392,-.0000938957289556,-.0178329608518598,.0000425764418226,.0064057865672862,.0064057865672862,.3323882443612493,.0126792507639764,.0032625092061283,.0137606122552506,.0077715078,.005635323,.0025790876,.0082144104,.6860289,.0064057866,-.0013947961,.0063767117,DNK
DOM,.1766052581086049,-.1018805931273513,.1420816710181101,-.2727067433525824,.058334910201567,.0398580454351249,-.0004436022269575,.0163122830329808,.0001404809893216,.0089459031891563,.0089459031891563,.3413819819551073,.0367796487476795,.0036308055000099,.0368581593028267,.00034966375,.000013318783,.0048549147,.0048682336,.0027358555,.0089459028,.0085736681,.0089233313,DOM
ECU,.1684732846716057,-.0396704726594044,.3902338474524052,-.0302980862398089,.0437028135704571,.0325236309248015,.0024546290177887,.0110604488766309,.0018369834752861,.0038054341515278,.0038054341515278,.3107084843583724,.0198719355982915,.0185033555139083,.0237095038252164,.0018581393,.0005314583,.0033900244,.0039214827,.13552484,.0038054341,.0018296659,.0039230632,ECU
EGY,.0382383444129401,.0099908422126867,-.121992147264459,.0253040765349617,.0406551953790776,.0746632362709006,.0015398793506052,.0075774063545052,.0012901371240812,-.0082114872809049,-.0082114872809049,.1690343992265797,.0377526065009972,.0083578422773744,.0216131504736908,.0013942973,.00036524187,.0027748034,.0031400453,.11631739,-.008211487,-.0067408853,-.0081351828,EGY
ESP,-.1005135228284254,.1090172009716118,.0874341877873568,.0780068779788687,.0126336842732587,.0358880514486117,-.0003197384443471,.0158138818899312,.0006490443830932,.0040244531114753,.0040244531114753,.1492958038633691,.0177089349153402,.0092883863308531,.012044593225469,.0021055099,.0010347763,.0016939448,.0027287211,.37921658,.004024453,.0061606965,.0039937198,ESP
FIN,.0739256885403891,.1404294326375801,.0265852220268361,.1725175181584818,.0212727592075407,.0293607156053996,-.0011609492039598,-.0014851180150988,.0009503502905929,.0099687541329567,.0099687541329567,.1572421877002489,.0164778084707205,.0096043264738221,.0205469659420048,-.000028256676,3.0298809e-06,.0026301234,.0026331532,.0011506664,.0099687539,.0099387215,.0099104652,FIN
FRA,.2993679472430127,.112907838931628,.2690774248741257,.2569252730046419,-.0650899385468322,.0281683215380132,-.0001669799517084,.0375717556491104,.0005046963874266,.0070796021866063,.0070796021866063,.0882285876233948,.0145329064448187,.0057809326029102,.0122045244281533,.005783671,.0044744927,.0015515755,.0060260682,.74252278,.0070796022,.0012570324,.0071185012,FRA
GAB,-.2254062094713607,-.0640228879927256,-.0715568309845427,.1999097111298918,.0057261922183848,.0399884475809874,-.0000904876161375,.0266106117305489,-5.61074377727e-06,-.0094812641004069,-.0094812641004069,.2755920364115887,.0609820852811796,.0027096769086758,.0809620849229562,.0023155378,.00026994318,.009815976,.010085919,.026764359,-.0094812643,-.0071627423,-.0094842482,GAB
GBR,.1798233671843875,-.0559688951958657,-.3261062987385062,-.186121627153877,-.0374378461257762,.0241900134295919,.000227314864278,.0127126727381039,-.0003798688571457,.0056855575886957,.0056855575886957,.2051903866645388,.0087910239347108,.0042212953412344,.0153944999114863,.0069339918,.0050696027,.0022111698,.0072807726,.69630009,.0056855576,-.001251532,.0056886552,GBR
GEO,-.4960754286642685,.1676922140530331,.2327055033591112,.111629982575008,.0376466814157186,.0098003693402552,-.0009341898129181,-.0013259101331224,.0013963541087538,,,.2319645985699794,.0207511924820429,.0136630969835456,,.0044459607,,,,,,,,GEO
GIN,.1901392651611804,-.2031715410604754,-.5955085914263946,.0304801018513288,.0314772412383991,.0573875108004964,-.000229123698459,-.0159483825606856,-.0000559254824501,,,.1030283025014273,.0374575271144295,.0016930252124384,,.000050562885,,,,,,,,GIN
GRC,.3424548339708324,.0911683900908692,-.0941100090681454,.0531957317601377,.0151659340835273,.0271346678802537,-.0037778034675115,.0050443711667972,.0005329485381771,-.004127271522726,-.004127271522726,.113709261156451,.0255191238229865,.0087858490140325,.0292247865464842,.0013224473,.00030029003,.0035629864,.0038632764,.077729374,-.0041272715,-.0056281392,-.0043056919,GRC
GTM,.0847544726124578,.103877125625942,-.6398721294961419,.1309623716492848,.0630228108580239,.0343331411336091,-.0019353726046928,.0205638997769829,.000297353032279,-.0010848140167026,-.0010848140167026,.3960688591405823,.018667301508909,.0072114753525244,.0157794848752594,-.000064272026,2.4306764e-06,.0030280254,.0030304561,.00080208271,-.001084814,-.0011174328,-.0011817048,GTM
HND,-.0902590130727722,.0116864557043605,.0490815013673221,-.0501633589562549,.0150887571318021,.0400592709659784,-.0001665758472509,-.0019435354292615,.0002284563002657,-.0041085195266616,-.0041085195266616,.224609662511835,.021792654403644,.0093497489786226,.0300885756005917,.0025997928,.00080344587,.0038386243,.0046420703,.17307922,-.0041085198,-.0014991141,-.0041181324,HND
HRV,.0755707590727509,-.0553599292788056,.0944890007828724,.0028592618324962,-.0495944571585927,.0243516974023614,-.0027404369236731,.0549281549956731,.0091778081080849,.0074726250409415,.0074726250409415,.2760985159793113,.0159248520927681,.0314350294895795,.0282137078499379,.004049188,.0018846298,.003757746,.0056423759,.33401352,.007472625,.0032605829,.0073097711,HRV
HUN,-.0716428721505184,.006348715057777,-.0180722544318291,-.0864011652766898,-.0516331915245479,.0303208117379511,-.0012483611821661,.050799260768076,-.0022310651236519,.0083816695693953,.0083816695693953,.1018583692975598,.0216654570379187,.0059954891560473,.0246382602953212,.0020717999,.0006795153,.0030077226,.0036872379,.18428844,.0083816694,.0062482292,.0083200298,HUN
IDN,.297070720262163,-.2189500286628158,.2371169194171418,-.0505314183487367,.0837658922767606,.0657301751767021,.0025551611538035,.0372892810567061,.000013825096393,.0025586021272941,.0025586021272941,.1355428052712001,.0205940290837342,.0068409696504818,.0324199380845749,.0020091471,.00052440376,.0039599622,.0044843657,.11694045,.002558602,.00044881651,.0026592407,IDN
IND,-.2092486512667346,.0440413120086751,-.3617420732552797,-.0155802647964372,.0374859021388944,.0623636931178811,-.0001896614493812,.0088812262729277,3.57648159531e-06,.0077415400587045,.0077415400587045,.0493191255934779,.0146927039088111,.0005133787040856,.0266888441135458,.0040435521,.0019642003,.0032035348,.0051677353,.38008919,.0077415402,.011796524,.0077301082,IND
IRL,.0301193648870405,.0746595926348242,-.17528285902737,.0860014224894463,-.0151733367713774,.0498284604009448,.0009154410243495,.0196546238565076,.0001788928175426,.0152589010625096,.0152589010625096,.1623975796913142,.0282589472810803,.0067415531121922,.0361542439840776,.0010946693,.00014593646,.0044291778,.0045751142,.031897884,.015258901,.014114768,.015308364,IRL
IRN,.3193959039551033,-.0005038509575921,.3938682960515809,.116469349747493,.0313387795071623,.0431776096239508,-.0030702700581992,.0050321125078044,.0036616149842197,-.0214455669941993,-.0214455669941993,.1452675385943193,.0412571300461429,.0190002820223227,.0779563296969265,.00086087943,.000054245502,.00935918,.0094134249,.0057625682,-.021445567,-.022460023,-.021599144,IRN
IRQ,-.2902009745557523,-.2294615136580412,.1233442524015854,.0243687051037887,.0906674939795681,.0504206192841578,-.0000456207703405,.0027699963321809,.0014300006368454,-.0099020003435325,-.0099020003435325,.2271258597241786,.0653616670520326,.0131561558622916,.2320886090079806,.0069729439,.00088565599,.027773265,.028658921,.030903326,-.0099020004,-.0028286434,-.0098015871,IRQ
ISR,-.4701453639445963,-.2398742051125219,.4142576022277595,-.1122798751519978,.0851012914150724,.0418219939878209,.000965763285225,.0026362202953843,.0014166359926534,.0057055314000909,.0057055314000909,.2933179532693784,.0199053240693262,.0128069690589016,.020382038979311,.018489998,.016010702,.0030162132,.019026915,.8414765,.0057055312,.024495812,.0060058134,ISR
ITA,.0091523087246143,-.0024572213224993,-.3805667304677122,-.054345814429764,-.0339943900267391,.0279107532879112,-.001136223504071,.0412153457102705,.000441332737265,-.001048755768185,-.001048755768185,.1620108562512309,.0203739706290891,.0095462558324131,.0156206323893857,.0018010229,.00070298836,.0021039112,.0028068996,.25045013,-.0010487557,-.0029068505,-.0011058277,ITA
JAM,.2720641022576923,-.1659138566006421,-.0361307830360444,.007643549102388,.0008538473685855,.0115555974869509,-.0008208342638808,.0001857765476637,.0000653292549078,-.0064536548900974,-.0064536548900974,.1163676231946457,.0170725409213736,.0023296296346776,.0294432376044345,.0010250569,.00015543905,.0035874739,.003742913,.041528895,-.0064536547,-.0075234435,-.0064983866,JAM
JOR,-.0374161882008853,-.0994243910351573,.0870668915502122,.0176452706557657,.0269674853467533,.0634085369936738,-.0013044173213438,.0042332676325498,.0005989946412048,-.0159855427711316,-.0159855427711316,.1325606751492483,.0352897381610994,.0133489948606034,.0494013842394634,.0016815176,.00024506904,.0059576887,.0062027578,.039509688,-.015985543,-.014256791,-.016032778,JOR
JPN,-.2345572441692187,-.1362165104810637,-.1556308371403192,-.1800651170121023,-.0283328881677267,.0392858707942936,-.0019787258299687,.0150646682008404,.000458926805502,.004987593375945,.004987593375945,.0747051506234772,.0336008478778124,.0159818809512775,.0132566900946753,.00038018051,.000067259381,.0016499133,.0017171727,.039168678,.0049875933,.0044963798,.0048765601,JPN
KAZ,-.0791674451423001,-.1885656776518472,-.1317437540455338,.0233105179114763,.0155154779352363,.0235255731728024,.0003128612162761,.024040177184522,.000039221196566,.0253697085332673,.0253697085332673,.3591584345426194,.0248853776179366,.0031883298599902,.0386218547085085,.0021162014,.00042832899,.0050908327,.0055191619,.077607617,.025369709,.027505124,.025388923,KAZ
KEN,-.2362242060094316,-.0253859182705369,.1265294320109844,.1472184777027366,.1398902993175832,.0417344899512056,-.0002986579841667,-.0005671352254043,.0001484079864351,-.0018888228790861,-.0018888228790861,.5653411386554783,.0199136373583716,.0039607907651504,.0215477376218452,.020962849,.017151402,.0042482601,.021399662,.80148005,-.0018888229,.019085005,-.0018998022,KEN
KGZ,-.1846705971524129,.1540070544039685,.1425134524584187,.0334414540028071,.0601322294039699,.0191866269198796,-.0000437303783351,-.0021370057998832,.000025593298046,.0144165496133053,.0144165496133053,.3218037295538474,.0301680060549911,.0019247214523187,.0369110944986403,.0048873471,.0020518701,.0048126713,.0068645412,.29890856,.014416549,.019310752,.014409694,KGZ
KOR,.1516911516463246,.2649221151703833,-.0942513993188481,-.0741760370185776,-.0264520461167699,.0798120283039263,-.002319590682831,.0142545088490394,-.0002526013466809,.0165375162167679,.0165375162167679,.2079279564965736,.0375055351580821,.0036951992968755,.0225513251832836,.0047011031,.002670692,.0029695081,.0056402003,.47351018,.016537515,.011742979,.016444083,KOR
KWT,-.1525722839050254,.127894800044257,,,.0519500861275941,.070282986044451,.0005002855647501,0,.000044871025941,-.0486064106630607,-.0486064106630607,.1295026624930737,.0581724903908215,.0053662713807747,.1754899070725471,.0038116693,.00034425978,.020989329,.021333588,.016136983,-.048606411,-.044790298,-.048601966,KWT
LAO,-.3335976173643229,.1299729580376799,-.0077487966492073,.0493362252840667,.22702149100709,.0819639978947034,.0031322997739498,-.0012784762927709,-.0012896787901551,.0023837720954876,.0023837720954876,.3966497844031615,.0330176919791309,.0063012935622413,.0367337067616594,.027839517,.023383789,.0049903998,.028374188,.82412183,.0023837721,.030315373,.0024758561,LAO
LKA,.1362419748895938,.1976117268425922,.2915401278777267,-.0879052667133556,.0142981412154345,.0565331771810107,.001788115582729,2.48270775215e-06,.0006127404708894,.0033644319256842,.0033644319256842,.1481161740039531,.0194405263314819,.0111363046045146,.0193903524207822,.0020068116,.00078999851,.0024839221,.0032739206,.24130045,.0033644319,.0012346185,.0034874338,LKA
LTU,-.1853578867973656,-.4550109835470362,,,.0013480291066699,.0284256126805432,-.0010311647329334,0,.000814850902018,.023221918224836,.023221918224836,.2275385422724383,.0165820835048509,.0127449981750657,.0334534074181988,.0035851991,.0013379841,.0042235912,.0055615753,.24057646,.023221917,.026852749,.02326755,LTU
LUX,.265607920012267,.2481686771577861,.0770335423691306,.1759864951411522,-.0397061222115218,.0289849185164748,.0003893945036571,1.28743818735e-06,.0000585677755269,.0052765447843913,.0052765447843913,.08763437649616,.0119766786790964,.0011130183409534,.028708251693258,.0047466569,.0024382086,.0034712136,.0059094224,.41259679,.005276545,.00049413409,.0053122984,LUX
MAR,-.041187565991389,-.0884750851364619,.0133328745942541,.2175687268390619,.0028286849357658,.0498130041179663,-.000341384624123,.0043639259904366,.0010532638122853,-.0010329852622288,-.0010329852622288,.1625901404688577,.0235027641369204,.0037449044543945,.0405337363131207,.00081869937,.000069536669,.0049412102,.0050107469,.013877505,-.0010329853,-.00019895403,-.0010483172,MAR
MEX,.1961339773813488,.2920369502728222,.0217332124631591,.1304385424073772,.0135370773572172,.0382133527985163,-.0014386304028987,.0238732469528715,.000297103001717,-.0077800973962429,-.0077800973962429,.0582705873797237,.0203392234664162,.002874948809141,.0244150838047342,.00040271771,.00003703676,.0029396059,.0029766425,.012442461,-.0077800974,-.0082488013,-.0078460835,MEX
MKD,.1361954177891297,-.3691996617381577,-.2449815314085864,.0821336667544677,.0109732965712405,.0198207896294534,.0004223922117249,-.0007648769961663,.0024457411111907,,,.107363511729474,.0145499656782484,.017050779980297,,.00042058641,,,,,,,,MKD
MNG,-.0769568694793568,.0500798205212778,.023546907426983,.1308842005379995,.1267002217859347,.0419306298065733,-.0002181221678012,-.0001646397119144,.0003958600183254,.0080875378206552,.0080875378206552,.214775017286428,.0319052406023292,.0085463062493158,.0435485086931971,.0073844241,.0037855741,.0053610234,.0091465972,.41387787,.0080875382,.015497745,.0080617554,MNG
MOZ,.1828004840306133,.0125677709640511,.1206497771889667,.2009741260326902,.0997266884648365,.0582781107332251,.0076072796883119,.0009168651214916,-.0001932386068806,-.0013079265416054,-.0013079265416054,.3989389799996623,.0431586217299704,.025350841186893,.0509840493948875,.000062684674,6.3771672e-06,.0065545826,.0065609599,.00097198691,-.0013079265,-.00086492964,-.00092761428,MOZ
MRT,.0081845887423189,.1056559432674428,.0041279957995611,-.2523689834035104,.0171802859848179,.0257154957422943,-.0008594888068476,.0197446572500008,-.0006680309063016,-.0048833992696029,-.0048833992696029,.1524159168116183,.0229691681442841,.0012994468768578,.0458848863621019,.00070252374,.00004982312,.0055595902,.0056094131,.008882056,-.0048833992,-.0041371901,-.0049270848,MRT
MYS,-.0771740172885944,.0198208181616032,-.2463167191064969,.0935619435311481,.0021462882931461,.0734415087794383,.0008705025219444,.0127945411673856,-.0000445443581254,-.0017762761845286,-.0017762761845286,.1911683760774611,.0385323825686821,.0043478289214558,.034016966216203,.0015139604,.00027778905,.0042234818,.0045012706,.061713476,-.0017762762,-.00021947689,-.0017334373,MYS
NAM,.1736558971235142,.0480386770899097,.3191149105297671,-.2033163991550916,.0292610908062901,.0454426942090394,-.0012099361359272,-.0023113360988194,.0001196910763795,-.0046601066715355,-.0046601066715355,.1444791905106653,.0294330987209214,.0129007678100722,.0290731069238975,.00047587726,.000040869698,.0035810412,.0036219109,.011284015,-.0046601067,-.0051943851,-.0047185081,NAM
NER,-.1499031694508514,.0541283789973006,.2485021597224577,.0275681542320689,.0821771517556733,.0183307991508027,.0025442736350948,-.0016316244592709,.000457165667809,-.0023150346388584,-.0023150346388584,.3648966892126331,.0270123452559714,.0084826127956855,.0580449389917988,.0059725009,.0022142674,.0072733262,.0094875935,.23338556,-.0023150346,.003777002,-.0021954991,NER
NGA,-.1294241352088357,.0255761195364223,.1395021549442833,-.1363044069804538,-.0174518476562961,.0369107787521367,.0002486280604591,.0022908450680311,.0000496321529289,.0050635763779523,.0050635763779523,.2273677520377189,.0433195314019467,.0011576868475992,.0470371755003326,.00038112915,.000013403233,.0057839025,.0057973056,.0023119764,.0050635762,.0054570865,.0050759572,NGA
NIC,-.0490293456270325,-.1434512466892721,-.1796135210376592,.2004136097938028,.03292628597388,.0250170102757767,-.001388433881067,-.002110691268562,-.0007541869329831,-.0135272402490316,-.0135272402490316,.2393649602678631,.0156229509160582,.004167870452613,.0348696642321289,.0024535803,.0006665808,.0044068289,.0050734095,.13138714,-.013527241,-.011010713,-.013590187,NIC
NLD,.3376960787094175,.0646993415433066,.3708972324327254,.1179472360130788,.0109440963732493,.0271358677250173,-.0007151914800257,.1123704071410119,.0000672859103909,.006960949508826,.006960949508826,.2746562679128146,.0114844213108002,.0031823348546459,.0130487807067115,.010419322,.0084246853,.0022643565,.010689042,.78816098,.0069609494,-.0034853236,.0069339988,NLD
NOR,.1181333586002902,-.0970603786707146,-.2536476381388655,-.0051977691341202,-.006205030495746,.0305738746024213,.0005653861605329,-.0225307861787821,.0023424195756066,.0083419768449322,.0083419768449322,.2471817678379009,.0142763539055193,.0284525752689184,.0167762326978131,.0033980513,.0017287275,.0024905452,.0042192726,.4097217,.0083419764,.004933252,.0083313035,NOR
NZL,.3409343310084251,.1122302367769476,.4258468987314661,.1992333225026481,.0933724913933367,.0353892036224184,-.0028559390241831,.0462987674866585,.0009047097959725,.0012409294658535,.0012409294658535,.2276157675342515,.0122294973809106,.0119395885614658,.021465752366254,.0066031441,.0044005206,.002905631,.0073061516,.6023035,.0012409295,-.005461317,.0011418272,NZL
OMN,.4349078213539316,-.0861754018816973,-.1862118661638873,-.2050837603461325,.0236826743871957,.0666156046793383,.0029621402202963,.0018654107722865,.0002364683039835,,,.1506018909301461,.0361288087519257,.0124844167779866,,.0046007917,,,,,,,,OMN
PAN,-.0026711800899288,-.1523349551359803,-.4660818100111245,-.098601942121368,.1189596033320602,.061095162521872,.0048942095831416,-.0013287043304287,.0009809998833522,-.0037543760692944,-.0037543760692944,.4044225758447609,.0386194870746767,.0269624525860319,.0356540600605788,.0059721535,.0030489494,.0049086805,.0079576299,.38314793,-.003754376,.002523764,-.0034483895,PAN
PER,-.1189307115974036,-.0288445163169669,.0272725307215642,-.0944120501387412,.0493308719844596,.0420414036375125,.0037805675617164,.0349802628439334,.0000902571106765,-.0087217685780787,-.0087217685780787,.1576110869420133,.0321394627528555,.0112413157185969,.0415134975933347,.003684835,.0013155359,.0050542527,.0063697887,.2065274,-.0087217689,-.0048401998,-.0085250344,PER
PHL,-.0769128573615867,-.0418727391378799,-.296902256386103,-.0426061417813146,.0495855815977244,.0477182643996813,.0013039250834628,.0090749761629675,.0001377243628325,-.0014609085064025,-.0014609085064025,.175258149184344,.0242310922022142,.0046155388066724,.0323398749604335,.0038023251,.0015648186,.0040053418,.0055701602,.28092882,-.0014609086,.0024108354,-.0013914896,PHL
POL,.2788178999373072,.1344133954943601,-.1214522738247405,.0288170328560887,.0253792593365825,.0385845746012477,-.0023217431172455,.0083081715640639,.0002637753099121,.0083870812408361,.0083870812408361,.0851920190473643,.0158574807480484,.0072664349584875,.0354118656783007,.0016409947,.0003400392,.0042641172,.0046041566,.073854834,.0083870813,.0066501484,.008291143,POL
PRT,-.1051056637414466,-.0173705272985689,-.0180160195110136,-.0596698547984608,.0246424763381715,.0365121017883781,-.0003033082884411,-.0015893072250875,.0023528823595046,-.00050438544976,-.00050438544976,.1803107208821129,.0239392935406671,.0237325674677847,.0247816685188028,.0026532332,.0009756345,.0031519078,.0041275425,.23637177,-.00050438545,.0021578236,-.00051336118,PRT
QAT,.3197229191222715,-.0139715245517895,.2159206998625439,-.0101601360324314,.0601198965164131,.0844824135173741,.0002846064291667,.0181359831772288,.0002966786195668,-.0312944882477973,-.0312944882477973,.0767452809467584,.0642217773098923,.010020852291665,.0616928605518573,.0013892556,.00013282435,.0073879766,.0075208009,.017660931,-.031294487,-.029888174,-.031277429,QAT
ROU,.2194563832832166,-.1810880320742036,-.1386696956104257,.0570021529926339,-.0300761675082885,.0459497878291559,-.0010329479817735,.0231518940865861,-.0003318496333609,.0066990272174086,.0066990272174086,.1797006458165268,.0373753352826425,.0058574036038341,.0455454491672709,.0039036376,.0012781799,.0055491608,.0068273409,.1872149,.006699027,.0027193837,.0066230213,ROU
RWA,.042586165368911,-.3683910378546344,.0778126822711005,-.1258807298294348,.2046916621241883,.0760771112730157,.0035285367014712,-.0020811520620283,.0002153926490965,.0042796552527425,.0042796552527425,.5871827894636047,.0444267270941105,.0317261306604063,.1142475461946137,.0079321675,.0022285429,.014102913,.016331455,.1364571,.0042796554,.012549642,.0046174736,RWA
SAU,.0530745354881204,-.2579071240703872,.0561692537637948,-.0706745398006188,.0681536426988561,.0645844037754656,.0015431579969202,.1068505643959982,.0000359880191775,-.0413488957664162,-.0413488957664162,.0870808431952328,.0547291068457448,.006132626367155,.0862318606619437,.0030778788,.00048708319,.010320682,.010807765,.045067891,-.041348897,-.038136758,-.041214637,SAU
SDN,-.0752827592156463,.3538006308527706,-.0056423889199626,.1860351827398602,.1863365201171508,.0500764098200773,-.0050623938852379,.0219356311744403,-.0000799352239945,.0036378275068435,.0036378275068435,.4121109730997853,.0350390011221397,.0369647534590898,.0495665129459481,.010659457,.0065483968,.0064458651,.012994262,.50394529,.0036378275,.014918511,.0030166015,SDN
SEN,.1877859919812052,.0883364377335135,-.0011309241555073,.1798767788118339,.0949624517573238,.0281396422052899,-.0008367358303586,.0288093512750647,.0000962194035596,-.0029559031788293,-.0029559031788293,.2097198523784796,.0200605749528002,.0078982024663209,.0384253688804556,.0018954462,.00038265192,.0047608986,.0051435507,.074394509,-.0029559031,-.0010117717,-.0030045884,SEN
SLE,.2628946476242967,.0077852447538051,-.0388919337553237,.0156053494762326,.0844959058186742,.023463292218968,.0021386957949892,-.0001369741413315,.00025125711543,-.0075009800780659,-.0075009800780659,.4862279562268266,.0504352601006987,.0111589265479899,.095090070789382,.0012516832,.000078214805,.011731498,.011809712,.0066229217,-.00750098,-.0061426023,-.0073942854,SLE
SRB,.187706546397917,-.2752974331437156,-.0592199170492949,.0619957239703889,-.0295128925680736,.0113288322779263,-.000106158997689,.0023912901972782,.0002722609952236,.0325364348432103,.0325364348432103,.229839620971183,.0248653047300741,.0027571996663455,.0434028747750173,.0024500303,.00053749175,.0053664143,.0059039062,.091040023,.032536436,.030072682,.032522712,SRB
SUR,.1520729366542965,-.001397304936353,.4458056882757374,-.0996846086182048,.0546422292862855,.0395143479727267,-.0011138441358428,.0284993417776521,-.0003080105865583,,,.3330860411426731,.0359994825076923,.014458031563617,,.000047835227,,,,,,,,SUR
SVK,.0248256724217389,-.0040795855427618,.1773882800856134,.1845913229177798,-.0321638906685563,.0225461697813733,-.0020905104392496,.0118042957869694,.0005679242504277,.021761310265062,.021761310265062,.0650708377713065,.0122293161005214,.0080676400814627,.0229945043525763,.0017562166,.00056479871,.0027777448,.0033425435,.16897273,.021761309,.019899679,.021655895,SVK
SVN,-.0656743648054498,-.3411773429188862,.1636141677059455,.0229710343642539,-.0244975592626775,.0288992058326059,.002646962475651,.0218754906838986,.0035792729783967,.0139884776500828,.0139884776500828,.0913193942112179,.0222609550894092,.035430117818892,.02459432894216,.00068197993,.000075974269,.0029898896,.0030658639,.024780707,.013988478,.013285236,.014009739,SVN
SWE,.1620478302949094,.1252811140359625,-.2549374711725914,-.0386288261614626,.0247185323164274,.0228481499754435,-.0010620500076401,.0015497694004122,.0011767586563007,.0067627724139475,.0067627724139475,.0956729085676706,.0122489216158801,.0218381046548395,.0152928671298252,.0002161985,.000026635769,.0019157589,.0019423947,.013712851,.0067627723,.0064996397,.0067158379,SWE
SWZ,-.1955298914207042,-.0158222949479867,.244700612693302,-.281014632855567,.00438113215252,.0312511303455928,.0003410444260301,.0240309138844059,-.0000227121696195,.0088455054070886,.0088455054070886,.1998387845340406,.0449438908724276,.0068028793277647,.0407417702530586,.001576668,.00024744414,.0050139138,.0052613579,.047030468,.0088455053,.010440109,.0088634407,SWZ
TCD,-.0425561882520577,-.0049013461913067,.1455709766801303,-.0345449426314596,.0477726557063844,.0488038264980792,.0003539258484997,.0107003681903934,.0000932921803179,,,.2581156714158381,.0558543031590391,.0020903992415215,,.0028684116,,,,,,,,TCD
TGO,-.2480386139581356,.1828904641281764,-.6810195621608597,.0209506084949833,.0800106949514719,.0142674828231491,.0004878737274102,.0044641367004299,.0000212872365308,-.0003474276901225,-.0003474276901225,.1922128582449631,.0394700792688135,.0037364795611731,.0618248747194198,.0048806444,.0014555703,.0074782372,.0089338077,.16292833,-.0003474277,.0045391908,-.00034145371,TGO
THA,.1398656875752387,-.064901465202917,-.1290356098047689,-.1413591639518734,.0814965580218093,.0606200629349238,.0001454718206799,.056725348688083,.0001359399101686,.0130401838431262,.0130401838431262,.2028629650581162,.04148222979889,.0046715985046626,.036290810898028,.0019985908,.00042734694,.0045038299,.004931177,.086662263,.013040184,.015049099,.013050509,THA
TTO,-.0394634902141883,.1623498636668003,-.3053261607458808,-.2199957864903406,.004629144587039,.0396707463617068,-.0027901563052904,.044106183405351,.0004948667446059,-.0077819141373834,-.0077819141373834,.0570432918903942,.0432075297342959,.0086312123900359,.0489393700685297,.000047547346,2.1050653e-06,.0058611613,.0058632665,.00035902605,-.007781914,-.0075866217,-.0079296594,TTO
TUN,-.1636524919646789,-.0083545464335236,-.0575079181571607,.1228108212661797,-.0387718096778953,.0401973751033509,.0003192056138179,.0140299944959092,.0001277893559656,.0046707653526641,.0046707653526641,.1285626990051539,.0222174187849527,.0035396917578811,.0283618434147739,3.3587391e-06,4.2341444e-08,.0034759026,.003475945,.000012181275,.0046707653,.0046514547,.0046867174,TUN
TUR,.0044108855878639,.1230600103357285,-.162583199582727,-.0360571409472953,.0451725731905668,.0606453759810969,-.0000501681379464,.0264831850295054,.0000973242490754,-.0044250779930667,-.0044250779930667,.1547588245049546,.0245577927577141,.0078680980688918,.0350417718896102,.002155721,.00051982579,.0042892219,.0048090476,.10809329,-.0044250782,-.0022532446,-.0044411905,TUR
TZA,-.1362342517691477,.0162868694640608,-.2582112686560942,.0331067202829052,.1715877580396894,.0501615830637061,.0006989092003074,-.0000384399370956,-.0000732105421123,.0031549955031052,.0031549955031052,.4484847539727906,.0368804687816824,.003940454008675,.01960668676183,.012736319,.0096961446,.0035603878,.013256532,.73142391,.0031549956,.015924403,.0031880841,TZA
URY,.0815105611499992,-.0553393252345575,-.2332454264576288,-.2885203286198708,-.0698603890052217,.0292305844667937,.006831624670457,-.0001607871129358,.0214482905793358,.0032498616402309,.0032498616402309,.2435719778220812,.0216278633773932,.1047989693978713,.0350185341134372,.0042673782,.001896603,.0044371514,.0063337544,.29944372,.0032498615,-.0012432138,.0034755587,URY
USA,-.0484865197780777,-.1199742556270431,-.0374324518059799,.0580116041469058,.0196966894903174,.0316941242082286,-.0015465811789847,.0013833950992704,-.0000173476304811,.0058516735270238,.0058516735270238,.0602794041717074,.0093405623928768,.0035794451816751,.0103021173993314,.0013366175,.00061637262,.0012846878,.0019010603,.32422569,.0058516734,.0072550466,.0057849181,USA
ZAF,.21586785441601,.096086717607414,-.0357191158097016,.0841522607795843,.0094197168594377,.0325444805743691,-.0007772384889688,.0132358542061123,-.0000317124037428,-.0047441580115233,-.0047441580115233,.1061920727182414,.0215898204428142,.0014967990873427,.0212903355500481,.0012585395,.0003025113,.0026228842,.0029253955,.10340869,-.0047441581,-.006039774,-.0047812345,ZAF
ZMB,.1839346921249805,.142473128285621,-.1427585393255813,.0160666124278483,.0068740083055568,.0099676912347438,.002157641656712,.0171722662581488,-.0000445926843998,.0072450849166965,.0072450849166965,.1250447660074631,.0377854400929721,.0088210428586972,.0349976766080185,.000040752326,2.8719735e-06,.004250607,.0042534792,.00067520572,.0072450847,.0073932996,.0073525473,ZMB
ZWE,.2899913129386443,.3431620896639376,.1963566582618776,-.1650488890758006,.019644479956546,.0113803503877471,.0041169114262339,.0005781058498797,-.0000475667001829,.0031541744696258,.0031541744696258,.1589208013275317,.0232906695371997,.0269364896100644,.085657022734318,-.00015282659,4.3013929e-06,.010284176,.010288478,.00041807862,.0031541744,.0032163193,.0033691458,ZWE
