country_byte,corr_N1_K_out,corr_N1_N2_out,corr_N2_L,corr_N1_L,corr_L_K,corr_N2_K_out,g_L,g_n1,g_k,g_n2,dlog_tfp,g_A,sdL,sdn1,sdK,sdn2,sdA,bias_reduction,RMSE_reduction,RMSE_baseline,RMSE_baseline_NK,RMSE_reduction_share,g_A_bar,g_hat_A,g_tilde_A,bias0,bias1,var0,var1,RMSE_reduction_topcode,country_string
AGO,-.0060407887,.36114517,-.18216942,-.090278558,-.30940455,-.25600073,.033410661,.093907759,.038340189,.006836873,.044004332,.044004332,.0032007333,.091789469,.033886302,.0087666726,.049752571,.010086059,.0052108644,.010108001,.015318865,.34015992,.044004332,.05561237,.045526311,.011608039,.0015219796,.000099921068,.000099855264,.0052108644,AGO
ARG,.17410579,-.33688971,-.12170546,-.032860894,.4334338,-.28936061,.029513177,.0069184853,.023910608,-.0025219826,.0069982884,.0069982884,.022771968,.038792878,.017720999,.010143574,.045294967,.000068452166,-6.1872861e-08,.0090676146,.0090675531,-6.8235454e-06,.0069982884,.0071428241,.0070743719,.00014453546,.000076083285,.000082199622,.000082215847,-6.1872861e-08,ARG
ARM,.50467932,.12988482,-.22599658,.58234739,.47395349,.20526005,-.02787349,.18763152,.029058982,.012880518,.096813895,.096813895,.038303744,.1769267,.043975387,.016339863,.048774,.010586926,.0046650656,.0099144382,.014579504,.31997424,.096813895,.10749911,.096715614,.01068521,-.000098284239,.000098388227,.000098286429,.0046650656,ARM
AUS,-.391307,.33571306,.2354449,.18338953,.27193707,-.13457838,.020739006,.043981794,.044894304,-.0078738835,.0068356995,.0068356995,.0079818647,.054729525,.0051959949,.012411529,.013397615,.011136139,.0090816105,.0027617379,.011843348,.76681107,.0068356995,.018356312,.0064512263,.011520612,-.00038447333,7.5403891e-06,7.4793761e-06,.0090816105,AUS
AUT,-.0039537121,.050525993,.21365267,.08390411,-.22130628,.19503127,.0098564625,-.021857807,.025799699,.0012639945,.006717986,.006717986,.0057998216,.12486623,.0059755445,.024627149,.0098943263,.0024474114,.0019177028,.0029782471,.0048959502,.39169165,.006717986,.0024280515,.004875463,-.0042899344,-.001842523,5.5667897e-06,5.4750653e-06,.0019177028,AUT
AZE,.032620773,-.48935968,-.37955528,.13861628,.38281703,-.29045948,.0089834742,.027214509,.067130089,.0027704835,,,.0067482516,.38405669,.045824595,.004850301,,.001152292,,,,,,,,-.0014428711,.00029057902,,,,AZE
BDI,.39858377,.15364577,.60869706,.0065979604,.6325621,.549891,.02290938,.089111775,.02901989,-.0058095362,-.014040747,-.014040747,.015740044,.16455792,.03559668,.011468333,.03406797,.0033640454,.0011028438,.0070551196,.0081579639,.13518617,-.014040747,-.0098756254,-.014841822,.0041651209,-.0008010756,.000049204136,.000049132992,.0011028438,BDI
BEL,.029877815,-.54581255,-.42451605,.28973737,.69857687,-.42724892,.011256401,.26875001,.024837997,-.0036455209,.0036480085,.0036480085,.0064623514,.92497188,.0044179941,.014201809,.010307443,.058258582,.051008001,.0096161785,.060624178,.84138048,.0036480085,.063538723,.0052801417,.059890717,.0016321333,.000088393215,.000089807036,.030518254,BEL
BEN,-.51885891,-.047575276,.068074033,.011401286,-.20748281,.46345574,.030509481,-.066113368,.027585026,.010782526,.010450966,.010450966,.0017204678,.33628914,.0099863838,.015020749,.010565193,.045518704,.043869503,.0052629658,.04913247,.89288211,.010450966,.059422906,.0069977297,.04897194,-.0034532363,.00001574847,.000015773971,.030518254,BEN
BFA,.071712233,-.038947739,-.40491837,-.48575482,.017247543,.07587982,.0073498031,.15888725,.049396284,.0068149199,.030225487,.030225487,.0093300985,.53694904,.015336883,.015468216,.022424368,.011215215,.0066188257,.0070129759,.013631802,.48554298,.030225487,.041926824,.03071161,.011701336,.00048612192,.000048904749,.00004894552,.0066188257,BFA
BGR,-.27538937,.033048507,.1869266,.2142722,.40546155,.015012719,.0081562353,-.012479558,.068948917,-.0063410401,-.013811177,-.013811177,.026590236,.090956733,.041776557,.011797246,.061426457,.0015265235,.00012869251,.012321965,.012450657,.010336203,-.013811177,-.012010577,-.014085253,.0018005995,-.00027407604,.00015177671,.0001517557,.00012869251,BGR
BHR,.066423357,-.010457135,.17112114,-.29291615,.46063372,-.38710693,.075749859,.021144565,.048483517,-.0024948257,-.0049085962,-.0049085962,.036669225,.032187499,.02926988,.02058932,.017159775,.0014171987,.00038353319,.0034571434,.0038406767,.09986084,-.0049085962,-.003226968,-.0051730257,.0016816282,-.00026442949,.000011922924,.000011881919,.00038353319,BHR
BIH,.22075483,-.14279389,.44626793,-.183378,.80244166,.1789595,.095754877,.10723414,.10658692,.0022892768,,,.23515213,.24713862,.044092316,.032949071,,.016734641,,,,,,,,-.018858507,.0021238674,,,,BIH
BLR,.24061452,-.13855194,.62448949,.033212971,.78623694,.60910368,.0022966678,-.0075262603,.028075252,-.0012907753,,,.011152776,.018964864,.030991606,.0022318885,,.00075556431,,,,,,,,-.00088368868,-.00012812437,,,,BLR
BOL,-.23610982,-.42604518,.4191516,.30071801,-.1714644,.23330671,.019066151,.047385499,.02937625,.0002070482,.0078061759,.0078061759,.016746799,.089774683,.022065554,.0029877506,.016411891,.0019102169,.0005415437,.0034041901,.0039457339,.13724792,.0078061759,.0098088793,.007713689,.0020027035,-.000092486676,.000011557994,.000011579957,.0005415437,BOL
BRA,.066547602,.28362802,.15414703,-.13242732,-.58856457,-.077937119,.021068353,.080077745,.02665763,.010259871,-.0023034008,-.0023034008,.020896941,.12536515,.0098327491,.018306227,.01741006,.0054371851,.0029510614,.0037016033,.0066526649,.44359088,-.0023034008,.0032100556,-.0022271296,.0055134567,.000076271237,.000013859745,.000013696051,.0029510614,BRA
BWA,.0026792311,-.32953757,.550574,-.083683692,.74346346,.17213158,.028477611,.047453221,.063183494,-.0020015836,-.0064545264,-.0064545264,.033110589,.18856606,.0089523727,.0015728734,.031589802,.0054802652,.0020540906,.0065944167,.0086485073,.23750812,-.0064545264,-.012053065,-.0063362531,-.0055985386,.00011827338,.000043453041,.000043472341,.0020540906,BWA
CAN,.20550351,-.27130055,.19888858,.05048316,.27439016,-.075839788,.018877927,.017761303,.037389483,.0048672738,.0019905984,.0019905984,.0055089011,.018485336,.0053944322,.023439907,.01070313,-.00027820657,-.000012606674,.0021685562,.0021559496,-.0058473879,.0019905984,.0020059666,.0022841732,.000015368181,.00029357473,4.6478826e-06,4.6164500e-06,-.000012606674,CAN
CHL,.16105595,-.51478422,.2075972,-.0051013283,.50343692,-.21951744,.023998233,.056891672,.061677709,.0010008996,-.00015664101,-.00015664101,.011413956,.077902071,.014741363,.031566147,.016187159,.00017753264,.000057559042,.0036698959,.0037274549,.015441914,-.00015664101,.0015637131,.0013861804,.0017203541,.0015428214,.000010934303,.000011087838,.000057559042,CHL
CHN,.47607687,-.035164047,-.23570642,-.087141231,-.62265009,.0031414686,.0078631546,.050542481,.1063434,.0017035878,.012668132,.012668132,.0023363091,.041819271,.0083765825,.0027823658,.029265603,.016734617,.012529436,.0059161121,.018445548,.6792661,.012668132,-.0048191315,.013420779,-.017487263,.00075264706,.000034433862,.000034433906,.012529436,CHN
CIV,.17069492,-.34306103,-.62105328,.34081089,.69032001,-.1464451,.015734067,.15255474,.010159612,.0001112727,.0016867334,.0016867334,.012407031,.25822821,.013435742,.0038327484,.017162088,.0018543925,.00044350547,.0042987452,.0047422503,.093522154,.0016867334,.0037129875,.0018585951,.0020262541,.0001718616,.000018383234,.000018449671,.00044350547,CIV
CMR,-.39316666,.5581392,.27699244,.099212952,.24917552,-.052059721,.031216832,-.011278143,.034948815,.0013145712,.0052541196,.0052541196,.028690672,.35824046,.0102703,.0043936688,.014101836,.022509538,.018484265,.0045600175,.023044283,.80211937,.0052541196,.027838921,.0051788567,.022584802,-.000075262848,.000020965725,.000020788093,.018484265,CMR
COL,.37198287,.41146493,-.065777354,-.60102201,.21604159,.27191627,.025549907,.011641026,.027849071,.00019576916,-.0042427541,-.0042427541,.021073597,.07835687,.020214574,.013774605,.015797632,.00068607548,.00014491366,.0032675958,.0034125093,.042465426,-.0042427541,-.0032727863,-.0045266463,.00096996786,-.00028389238,.000010704382,.000010596586,.00014491366,COL
CRI,-.21228677,-.30153364,-.18500076,.032900456,.31709853,-.42176163,.030794866,.19114855,.050831411,-.0011163858,.002212161,.002212161,.00716173,.66953403,.014080439,.0054627503,.016378591,.023366213,.017516954,.0074696285,.024986582,.70105439,.002212161,.026065649,.0026994371,.023853488,.00048727618,.000055340322,.00005555791,.017516954,CRI
CZE,-.16657357,-.43187794,-.11287495,-.2241592,-.0099710459,.19140816,.0015410277,.013823422,.033018865,-.004881368,.014636237,.014636237,.014336333,.071426056,.014573222,.016158806,.025461905,.0012021364,.000212386,.0051547452,.005367131,.039571606,.014636237,.01619738,.014277231,.0015611422,-.00035900585,.000026368931,.000026442513,.000212386,CZE
DEU,.36813113,.0084961373,.6009286,-.16986033,.6071614,.26031303,.0049805823,-.0058858809,.019030821,-.001270065,.0059520467,.0059520467,.0096083572,.033888068,.0069065033,.0077338084,.0067911064,.0030628021,.0021348726,.001413645,.0035485176,.60162377,.0059520467,.0026923006,.0061489907,-.0032597461,.00019694406,1.9660317e-06,1.9596052e-06,.0021348726,DEU
DNK,.29199663,-.32278073,.0072521116,-.22513473,.55939472,-.4400489,.0093457606,.032768469,.029067552,-.00074141298,-.0001714135,-.0001714135,.009611886,.12574865,.0068653184,.0044023716,.01147527,.010153705,.0082712406,.0026567271,.010927968,.75688738,-.0001714135,-.010782999,.0002864667,-.010611585,.0004578802,6.8147451e-06,6.8485447e-06,.0082712406,DNK
DOM,-.25090533,-.16550238,.31426063,-.66942787,.25948718,.23635428,.032346647,-.064784519,.0117148,-.0018675465,.027064266,.027064266,.024429707,.18097959,.025074471,.0058347704,.032289095,.0044159726,.0014501143,.0067108222,.0081609366,.17768969,.027064266,.031717613,.02682689,.0046533477,-.00023737502,.000044947239,.000044978788,.0014501143,DOM
ECU,-.042643271,-.15387456,-.18875465,.46495599,.19916782,.1421037,.03667073,.020868875,.021818807,.0030289521,.0027763224,.0027763224,.03220395,.074907005,.01576006,.020110462,.014353349,.00003409437,8.6443828e-07,.0029703348,.0029711991,.00029093918,.0027763224,.0025971842,.0029213664,-.00017913838,.000145044,8.7959343e-06,8.8018505e-06,8.6443828e-07,ECU
EGY,.13010287,.35512125,.31889734,.083986312,.31303492,-.042763218,.027530523,-.00046785519,.069408923,.002762116,-.009639659,-.009639659,.01349519,.042857509,.01536096,.014695233,.0097752828,.00096354453,.00034673855,.0020200291,.0023667677,.146503,-.009639659,-.010876324,-.0093665384,-.0012366649,.00027312047,4.0722489e-06,4.0059226e-06,.00034673855,EGY
ESP,.18577319,.23322009,-.13556071,.43890744,.64999437,-.25874203,.03275574,-.10645527,.040977117,.00016051989,-.0047652544,-.0047652544,.014291709,.19522187,.0041911849,.013696503,.0037298477,-.0012309344,-.00060714775,.0028418379,.0022346904,-.27169213,-.0047652544,-.0040704645,-.0028395299,.0006947901,.0019257246,4.5111074e-06,4.3676287e-06,-.00060714775,ESP
EST,.2323218,.88312858,.35325158,.39867222,.6113013,.24967793,.0031672211,.032933977,.04724982,-.0016022141,.032357343,.032357343,.02147752,.54975533,.020646742,.027554946,.037099585,.00044926186,.00017585453,.0092418343,.0094176894,.01867279,.032357343,.033171635,.031992313,.00081429072,-.00036502889,.000088029796,.000085278261,.00017585453,EST
FIN,-.31806564,.24966218,-.15098482,-.081747398,.25567305,.41769439,.017135262,.11953847,.02538573,-.0012855896,.014601278,.014601278,.0077004065,.17782295,.0038923367,.014994628,.014199312,.019564245,.018273894,.0044101728,.022684067,.80558276,.014601278,.037033048,.011733752,.02243177,-.0028675264,.000011382542,.000011226918,.018273894,FIN
FRA,.19807552,.36152428,.32730097,.0346605,.85319936,.45381281,.010536983,-.080085866,.022368025,-.0011437765,.0052880538,.0052880538,.0076344451,.057416331,.0031447732,.0060452316,.0096921921,.015113885,.013944074,.0022237068,.01616778,.86246061,.0052880538,-.010751933,.0043619517,-.016039986,-.00092610205,4.1159583e-06,4.0872069e-06,.013944074,FRA
GAB,-.0012848937,-.35888255,-.3414306,.16669336,-.045429319,.31125283,.022919687,-.026559077,.0095355101,-.00014427074,-.015541369,-.015541369,.0037220859,.065289482,.014758496,.0043858304,.04380272,.0040091332,.00099185738,.0087897927,.0097816493,.10139981,-.015541369,-.019845542,-.01524633,-.0043041725,.00029503921,.000077154771,.000077173405,.00099185738,GAB
GBR,.46986231,-.34858361,.19606318,-.030027624,-.072099239,-.19788988,.01112263,-.037718143,.024271782,.00090718729,.0084726531,.0084726531,.0027846596,.05543147,.0032332754,.0075938781,.010200762,.011182734,.0094819041,.0021269161,.01160882,.8167845,.0084726531,-.0029430727,.0082396613,-.011415726,-.00023299157,4.4459071e-06,4.4694866e-06,.0094819041,GBR
GEO,-.74893701,.3233749,-.10880744,.35851786,-.28122765,-.24742359,-.01978511,.099445954,.0069739451,-.0035952146,,,.038921829,.18479541,.017667908,.025169864,,.0075325263,,,,,,,,.0081396578,-.00060713175,,,,GEO
GIN,.029200859,-.29144165,.34187514,-.084087692,.28902125,.11844661,.020642905,.029172318,.057578858,-.00069711299,,,.0029486904,.058375277,.027715722,.0025835175,,.0025166168,,,,,,,,.0028234192,-.00030680237,,,,GIN
GRC,-.18795104,-.42583191,-.36499837,.31249982,.28437465,-.39949155,.010388475,-.0084783249,.034066834,-.0062481901,.0093308678,.0093308678,.013075891,.066252828,.0066620684,.002776128,.017864756,.0035554864,.0014629482,.0036339161,.0050968644,.28702906,.0093308678,.012906899,.0093514118,.0035760305,.000020544012,.000013190031,.000013204924,.0014629482,GRC
GTM,-.27737024,.05697462,.017385457,-.18078369,-.097257018,.41526592,.0269836,.067820735,.040686864,-.0044109961,.0022093258,.0022093258,.003170894,.56230795,.0094140954,.012759436,.0068041831,.08593367,.08208546,.0061631701,.088248633,.9301613,.0022093258,.090267554,.000084763939,.088058233,-.0021245619,.000033568936,.0000334709,.030518254,GTM
HND,-.31529143,.02013213,.1751456,.21461119,.23250796,-.063198932,.034660008,.038872395,.047649454,-.0034513611,-.0018140224,-.0018140224,.029951433,.2006529,.016042573,.017016253,.035606384,.009788529,.0048994785,.007398637,.012298116,.39839262,-.0018140224,.0080074947,-.0018470112,.0098215174,-.000032988686,.000054781445,.000054738743,.0048994785,HND
HRV,.08033856,-.076516449,-.19317651,.22654009,.59842438,.50394732,.010549812,.0019818177,.036218598,-.015179662,.013216141,.013216141,.01262154,.25412109,.012044339,.056113034,.020559106,-.00043586621,-.00035071422,.0085865585,.0082358448,-.042583883,.013216141,.0065552355,.0061193695,-.0066609052,-.0070967712,.000023461476,.000023364826,-.00035071422,HRV
HUN,.063017018,.09884195,-.093737647,.070093654,.073523358,-.29652166,.0016129568,-.052664224,.03305899,-.0018352545,.016470406,.016470406,.011586059,.037282512,.0070117586,.0067594657,.015261818,.002339616,.0010432693,.0031072714,.0041505406,.25135744,.016470406,.013684456,.016916741,-.0027859497,.00044633378,9.4654724e-06,9.4559218e-06,.0010432693,HUN
IDN,.27390498,-.52173358,.20176953,.36566526,.14214218,-.39723733,.017796444,.0020374334,.048867349,.0063021732,-.0085128676,-.0085128676,.0096763736,.025649706,.02572966,.010516913,.054425534,.0005577057,.000022912953,.010889689,.010912602,.0020996784,-.0085128676,-.0092549063,-.0083285347,-.00074203842,.0001843327,.00011853426,.00011855134,.000022912953,IDN
IND,.18092935,.18224034,.13266192,-.13233808,-.59024262,-.27275062,.014491008,.043750927,.074102595,-.00042656294,.010757894,.010757894,.0097970441,.042598478,.013177361,.00083414349,.019237766,.00042308617,.000028585393,.0038713778,.0038999633,.0073296567,.010757894,.011230356,.01080727,.00047246175,.000049375576,.000014986494,.000014985128,.000028585393,IND
IRL,.027414044,.057279721,-.47876883,-.019659255,.68529719,-.50670451,.035430573,.0041125049,.063180298,.0044985553,.0088193901,.0088193901,.018515715,.18764037,.0096592158,.011774302,.02923586,-.00039081683,-.000096433498,.0064030755,.0063066422,-.015290783,.0088193901,.0073966286,.010632969,-.0014227614,.0018135782,.000037749487,.000037710313,-.000096433498,IRL
IRN,.27386582,-.12836511,.21682881,.33179441,.15399708,-.20602033,.029999476,.018709105,.043739077,-.012273454,-.0031690139,-.0031690139,.024294769,.037881564,.014378027,.037118793,.028044557,.00088090886,.000078274519,.0056216912,.0056999656,.013732455,-.0031690139,-.0040547564,-.0031641803,-.00088574231,4.8334564e-06,.000031705069,.000031603387,.000078274519,IRN
IRQ,-.38955641,-.22978824,.19535865,.28698725,-.63411027,.039690625,.029754071,.1220721,.030141372,-.0041448292,.063662082,.063662082,.0066836271,.31507561,.056451157,.023706824,.2371316,-.0002289664,-.000013237919,.047583535,.047570299,-.00027828119,.063662082,.065671407,.06142379,.0020093266,-.0022382932,.0022588959,.002259183,-.000013237919,IRQ
ISR,-.72968554,-.62881231,.47447401,-.079928935,.36004856,.32297814,.026427906,.11039022,.038990058,-.0040503968,.0046780957,.0046780957,.013564413,.36685681,.016527129,.01026282,.018926488,.031858943,.027185978,.00527432,.032460298,.83751476,.0046780957,.036714748,.0048558051,.032036651,.00017770934,.000027323909,.000027786871,.027185978,ISR
ITA,.065006249,-.3677372,-.64703488,-.17746623,.58199793,-.32938892,.010925348,-.04209429,.021537703,-.0011029289,-.0059768627,-.0059768627,.0082421144,.042606648,.0031079254,.013988795,.0095788548,.0040754341,.0030344659,.0020610907,.0050955568,.59551215,-.0059768627,-.010681887,-.0066064531,-.0047050244,-.00062959024,3.8274443e-06,3.8517110e-06,.0030344659,ITA
JAM,.58838123,.001939823,.1548778,.354608,.39231998,.27720207,.014213491,.019254079,.019125545,-.003302377,-.0087557724,-.0087557724,.031057069,.058994174,.0091678575,.0034798149,.022424767,.0024632565,.00076798326,.0045336098,.0053015933,.14485896,-.0087557724,-.011520327,-.0090570701,-.0027645545,-.00030129793,.000020464129,.000020462838,.00076798326,JAM
JOR,-.14133187,.055185717,-.2974216,.054476704,.70162767,.14693025,.031835765,.0057559609,.043916546,-.0061393012,.0088932272,.0088932272,.021360924,.10472945,.021412833,.017585289,.021981472,.00059052341,.0001196899,.0045586359,.0046783257,.025583917,.0088932272,.010081188,.0082957894,.0011879611,-.00059743767,.000020475482,.00002042423,.0001196899,JOR
JPN,-.37604854,-.29910174,.0089566307,-.0069590234,-.19230333,.017284248,-.00098408188,-.010251384,.019579517,-.006562545,.0024865428,.0024865428,.0084462566,.092838623,.010614303,.029084904,.0081383698,.0023406411,.0011722018,.0018754856,.0030476875,.3846201,.0024865428,.0049060695,.0024076572,.0024195267,-.000078885569,3.4342895e-06,3.5112234e-06,.0011722018,JPN
KAZ,-.034046609,.047146238,-.12857847,-.053929932,.49607357,.036761262,.014704676,.031978302,.015304664,-.00035535829,.043203697,.043203697,.027195357,.4102833,.029692572,.0040226718,.032599021,.0022244311,.0003189487,.0077033248,.0080222739,.039757896,.043203697,.045439452,.043192372,.0022357565,-.000011325372,.000059358266,.000059341084,.0003189487,KAZ
KEN,-.19046883,-.11102638,-.41434571,.34838897,-.3515847,.040105354,.033720806,.14333759,.039238296,-.0012873044,-.0094554191,-.0094554191,.0075123915,.57262206,.016626433,.0061237016,.021528546,.027550962,.021909792,.0071946736,.029104466,.75279832,-.0094554191,-.037665617,-.0087961815,-.028210199,.00065923732,.000051254621,.000051328734,.021909792,KEN
KGZ,-.58822697,.32792616,-.044554923,-.3093954,-.0084295413,-.27274492,.022268496,.093811341,.00025187089,.00042149195,.030254034,.030254034,.012690565,.29112723,.026474215,.0030943747,.032100853,.012833292,.007597466,.0070494046,.01464687,.51870918,.030254034,.043090571,.03025079,.012836537,-3.2449550e-06,.000049754137,.000049694096,.007597466,KGZ
KOR,.055424523,.075867742,.049045697,-.51472771,.42310882,-.33942088,.011158723,-.074337356,.061747428,-.0054448843,.018074788,.018074788,.023808498,.30866823,.019725431,.0042312741,.019922333,.014991803,.010838831,.0050406265,.015879458,.68256938,.018074788,.0030171664,.018140607,-.015057622,.000065818233,.00002542519,.00002540358,.010838831,KOR
KWT,.14890103,-.015630703,-.007350638,-.10103431,.58873546,-.23395193,.054177184,.027729722,.051347461,.0032451199,-.0014036986,-.0014036986,.044606972,.085316181,.040785924,.0061978209,.05057865,.0011752095,.000093039445,.010154007,.010247046,.0090796361,-.0014036986,-9.4656052e-06,-.0011846751,.001394233,.00021902342,.00010305807,.00010305588,.000093039445,KWT
LAO,-.067987829,.43198255,.33232686,.21804845,-.80526453,-.46395022,.025816632,.33096066,.089835837,.0086311931,-.00078011502,-.00078011502,.0063129626,.41660386,.034793459,.0028408931,.035253011,.037950832,.031403773,.0082311332,.039634906,.79232615,-.00078011502,-.039558407,.000047344009,-.038778294,.00082745904,.000067169931,.000067066867,.030518254,LAO
LTU,-.55848116,-.45120516,.23009619,-.38984478,.17659739,.20281039,-.0026154129,.037923891,.037985016,-.0069949445,.035085067,.035085067,.023587119,.27765343,.013871189,.024401123,.023808599,.019727698,.014993549,.0055122143,.020505764,.73118705,.035085067,.054850064,.03504777,.019764995,-.000037297352,.00002983127,.000030383117,.014993549,LTU
MAR,-.25227508,-.27828735,.36257133,-.024563365,-.32966429,-.0057302411,.016103048,-.010509908,.049150195,-.0014226574,.0064797048,.0064797048,.013648764,.13214892,.01153718,.0054281,.039071448,.0080336332,.0035386386,.0079294257,.011468065,.30856457,.0064797048,.014770906,.0062221363,.0082912017,-.00025756864,.00006277248,.000062809457,.0035386386,MAR
MEX,-.378562,.18329954,.71158975,.12891513,.41007689,.12057799,.026116647,.006051586,.029657412,-.0020657687,.00046409538,.00046409538,.0090179779,.04398293,.0061397413,.0034357067,.023177275,.0029783915,.0010443402,.0046679205,.0057122605,.18282434,.00046409538,.003772011,.00013457119,.0033079158,-.00032952419,.000021687614,.000021680893,.0010443402,MEX
MKD,.42683256,-.61481541,-.078428946,.08488819,.42186159,-.36351836,.00014469944,.010901713,.0093938615,-.0064443853,,,.044736166,.14919925,.0086575057,.023220195,,.0030151673,,,,,,,,-.0031186412,-.0001034738,,,,MKD
MNG,.02028838,.29300103,-.51613712,.027154131,-.140232,.11641408,.022059368,.06047792,.037891403,-.0010226277,.021218568,.021218568,.01832925,.061932262,.021256488,.017393198,.022655403,.003012846,.0010060148,.0045765261,.0055825408,.18020733,.021218568,.024405593,.021392748,.0031870257,.00017417976,.000021007629,.000020914253,.0010060148,MNG
MOZ,.30642018,-.11617819,.044778593,-.5083648,.026464427,-.56028259,.020290669,.17049643,.046844598,.030579401,.047313958,.047313958,.0039053219,.26488996,.020203682,.04218708,.035540696,.034997169,.030518254,.0081162574,.038634513,.78992212,.047313958,.085197531,.050200362,.037883569,.0028864031,.000057460631,.000057542311,.030518254,MOZ
MRT,.12353396,.80035007,.18203172,.24294135,-.54174101,-.028280482,.025051493,-.01273174,.03952742,-.0013592885,-.0039438708,-.0039438708,.0026617802,.235664,.025552692,.0012783876,.059500892,.056035608,.045242961,.012131351,.057374313,.78855777,-.0039438708,-.060020562,-.0039027871,-.056076691,.000041083753,.00014721639,.000147168,.030518254,MRT
MYS,.56585091,-.28677356,-.36194694,.50680286,.61905509,-.48076954,.025523387,.022032229,.045016937,-.0015341777,.0061059166,.0061059166,.023655867,.036922272,.032509297,.0027525425,.037280306,.0004125103,.000012052402,.0074652196,.0074772723,.0016118715,.0061059166,.0056752255,.0061240974,-.00043069106,.000018180755,.000055724104,.000055729175,.000012052402,MYS
NAM,.05434813,-.074626639,-.21041948,.3870874,.38057667,-.033796169,.025778849,.038775597,.052117519,-.0020781665,.006042229,.006042229,.018878771,.20335236,.014432531,.02344602,.031301081,-.000018331037,-1.3068703e-06,.0065823155,.0065810089,-.00019858207,.006042229,.0060607027,.0060790339,.000018473729,.000036804766,.000043309337,.000043325526,-1.3068703e-06,NAM
NER,-.027030692,.13910241,-.36346018,-.4307735,.14447477,.19197951,.03529292,-.028541908,.018451337,.0075039314,.012877652,.012877652,.0036715658,.37692991,.01933698,.015771125,.040080037,.076803222,.071152642,.0094596185,.080612257,.88265288,.012877652,.093000576,.01619735,.080122918,.0033196965,.000078654244,.000078463992,.030518254,NER
NGA,.37394261,.0054371911,-.15576282,-.36706826,-.41444689,-.16644056,.0266998,.01644318,.017048631,.00085904048,.023966141,.023966141,.018450188,.084513403,.013294904,.0018053689,.035789434,.00093710638,.0000749135,.0072084526,.0072833663,.01028556,.023966141,.02501368,.024076574,.0010475381,.00011043173,.000051950086,.000051949595,.0000749135,NGA
NIC,-.48566303,.16054024,.68657535,.04422836,.089769714,-.19501366,.040505074,.039897189,.028700881,-.0015196525,.0013324303,.0013324303,.015647313,.24173605,.007479785,.0070109922,.0113887,.02137051,.018656567,.0033425102,.021999076,.84806132,.0013324303,.023077965,.00095740508,.021745535,-.00037502521,.000011091063,.000011031731,.018656567,NIC
NLD,-.3174119,.57957751,-.22960341,-.36401603,.77057445,-.09304288,.016238762,.0014092051,.028254235,-.00071255059,.0068587177,.0068587177,.012773779,.082602166,.0087171718,.0049224724,.0074534127,.0025746697,.0015309483,.0017134142,.0032443625,.47187954,.0068587177,.0096104238,.0066816811,.0027517062,-.00017703642,2.9540013e-06,2.9044463e-06,.0015309483,NLD
NOR,-.098961331,-.14887771,.16948999,-.18771276,.79368711,.32231098,.014534666,.069238797,.031299587,.0019028324,.0032963536,.0032963536,.016162382,.3925398,.010005206,.051139392,.017106103,-.00036181591,-.00021897173,.0062300158,.0060110441,-.036428235,.0032963536,.00023770229,-.00012411362,-.0030586512,-.0034204673,.000026777301,.0000271135,-.00021897173,NOR
NZL,-.083551191,.10246224,-.13508405,-.10695603,.55638081,-.060462169,.020649198,.030901529,.038480591,-.0098780533,.0035628302,.0035628302,.011498575,.17136276,.0065340898,.021802034,.013335272,.0039109276,.0021646221,.0031947568,.0053593786,.40389422,.0035628302,.0078697028,.0031668853,.0043068724,-.00039594484,.000010173792,.000010049698,.0021646221,NZL
OMN,-.046946414,-.32974419,.0013767086,-.29019752,.73814917,-.23437075,.029594891,-.0046318998,.058244463,.011686077,,,.032177042,.04088081,.029793587,.020620856,,-.00055213296,,,,,,,,.00061886717,.0011710002,,,,OMN
PAN,.26381886,-.14287062,-.026157757,.23948932,.21558742,.075486496,.03808127,.11362007,.048835456,.0081718704,.0098839272,.0098839272,.033052336,.33261108,.02402281,.049310077,.022114757,.0053707454,.0021857016,.0055341283,.0077198297,.2831282,.0098839272,.0044806176,.0098513626,-.0054033096,-.00003256421,.000030400015,.000030625513,.0021857016,PAN
PER,-.24170552,-.11261205,.27681544,-.53816384,.20472272,-.31289205,.027796946,.065038688,.042851355,-.0011174267,.0035581135,.0035581135,.0095243556,.068492472,.02039578,.011075323,.0290663,.0090048034,.0050111613,.0058554108,.010866572,.46115384,.0035581135,.012713664,.0034073663,.00915555,-.0001507471,.000034258293,.000034263114,.0050111613,PER
PHL,-.14214146,-.32589883,.2663686,.00023258661,.29361993,.19983448,.023530904,.071750104,.033924427,.0034692516,.010385002,.010385002,.016337235,.23412402,.008326578,.0072349641,.014076998,.010052619,.0070712245,.0036619159,.010733141,.65882158,.010385002,.020479435,.010343187,.010094434,-.000041815543,.000013302708,.00001340788,.0070712245,PHL
POL,-.053983137,.25946563,.48805285,-.52244323,.31260538,.49510583,.0079445103,.01177752,.049275838,-.0065766298,.016782783,.016782783,.025169471,.038086146,.017136781,.008675456,.012704625,-.00030170355,-.000078873134,.0027199052,.002641032,-.029864512,.016782783,.016192002,.015890298,-.00059078104,-.00089248462,6.6260277e-06,6.6013549e-06,-.000078873134,POL
PRT,-.33960199,-.30344722,.19440404,-.35326004,.85825533,.1181213,.0086057279,-.014269338,.037416752,-.0032004577,-.0016777219,-.0016777219,.0115917,.13935977,.013552926,.031561568,.005865017,.0029610905,.001956457,.0018717974,.0038282545,.5110572,-.0016777219,.0017141515,-.0012469391,.0033918733,.00043078273,3.1507275e-06,3.3180515e-06,.001956457,PRT
QAT,.11344965,-.046129227,.38325214,.0060344297,.85053402,.42690077,.095005445,.087901659,.1344098,.0049106847,-.013569002,-.013569002,.070318796,.084389873,.072655961,.016673014,.078080758,.0024621177,.00024600836,.015642658,.015888667,.01548326,-.013569002,-.010765688,-.013910198,.0028033135,-.00034119596,.00024459118,.00024457637,.00024600836,QAT
ROU,.14138594,-.22802104,-.30504298,.15511473,.27088213,-.3744159,-.013402205,-.063924655,.03598956,-.0037847436,.024503568,.024503568,.030024452,.25392374,.031740922,.0073978473,.039332442,.0040073683,.00096429262,.0082669109,.0092312042,.10446011,.024503568,.020384593,.024391962,-.0041189748,-.00011160654,.000068249174,.000068329369,.00096429262,ROU
RWA,.46463841,-.62769312,-.28517523,.072497562,-.17291778,-.21336377,.034927212,.19807293,.06093055,.013350734,.052859988,.052859988,.016558031,.61746103,.03963203,.063594237,.048305232,.016802398,.01073288,.011775447,.022508327,.47684041,.052859988,.033374395,.055543181,-.019485591,.002683193,.00012693653,.00013146162,.01073288,RWA
SAU,.056465819,-.59668744,-.56205964,.48942471,.50569302,-.60037667,.029606186,.045690518,.049553845,.0069134096,-.017637551,-.017637551,.02452457,.035220463,.03095999,.010606501,.03670112,.0014031953,.00035090875,.0074487482,.0077996571,.044990283,-.017637551,-.015017428,-.016420623,.0026201224,.001216927,.000053969608,.000054002936,.00035090875,SAU
SDN,-.4605059,-.19806284,.32886353,-.011741358,-.24636589,-.015459598,.025410552,.32143638,.081381455,.00047228887,.0088134399,.0088134399,.005151304,.30428472,.031812895,.0016050672,.035849694,.045070279,.038025323,.0077892849,.045814607,.82998252,.0088134399,.053961311,.0087358486,.045147873,-.000077591212,.000060647853,.000060666942,.030518254,SDN
SEN,.011571201,.19707021,-.12680066,.12278458,.45708746,.51019144,.027042747,-.017301563,.036094435,-.000043621429,.0081512276,.0081512276,.00810959,.20662627,.0087218834,.01453253,.028506054,.0036367523,.0014952701,.0061454372,.0076407073,.19569786,.0081512276,.0035179034,.0071546556,-.0046333242,-.00099657173,.000036912716,.000036773246,.0014952701,SEN
SRB,.25752839,-.38962156,.22244728,.022228362,.2882944,.29948267,-.031599127,-.058133923,.014032334,.0012377684,.056540426,.056540426,.098021954,.33030215,.030947285,.0024364146,.032718923,.0051717306,.0016571404,.0073302286,.008987369,.18438549,.056540426,.051334292,.056574833,-.005206136,.000034405217,.000053668951,.000053731066,.0016571404,SRB
SUR,.70200455,.020362664,.19176494,.20127931,-.14770487,-.14335282,.040932529,.029706268,.059040032,-.0071059968,,,.0098511111,.16401206,.046655558,.019467929,,.017231077,,,,,,,,-.017816782,-.00058570545,,,,SUR
SVK,.21031183,-.13353328,.0045949495,-.39060786,.16340308,.35615075,.0050407969,-.044739597,.027006939,-.007217953,.032911777,.032911777,.017048519,.079438306,.014240773,.01391656,.018336162,.0036430114,.0021032926,.0038922036,.0059954962,.35081211,.032911777,.028234545,.031877559,-.0046772319,-.0010342202,.00001406948,.000014079638,.0021032926,SVK
SVN,-.39192727,-.25123081,.28653386,.2361237,.041569043,.078795344,.006267528,-.024559544,.04650528,.006824044,.021281451,.021281451,.01592462,.11832285,.0087366467,.04852467,.016576251,.0091955727,.0070321118,.0036250595,.010657172,.65984786,.021281451,.031343132,.022147559,.01006168,.00086610764,.000012337886,.000012390914,.0070321118,SVN
SWE,.026082514,.30477867,-.015828153,-.23977843,.80743563,.24780105,.0076238192,.029648589,.019021802,-.0024751378,.014664263,.014664263,.013233818,.074194372,.0045979056,.036332723,.014887689,.0071523017,.006622436,.0054899254,.012112361,.54675019,.014664263,.002959701,.010112002,-.011704561,-.00455226,9.7125358e-06,9.4162115e-06,.006622436,SWE
TCD,-.20133899,.47701943,-.2704412,-.94542825,.21202543,-.045153998,.032224499,.12312799,.088026889,-.00070982712,,,.005048946,.43365344,.075234704,.0015699799,,.13615493,,,,,,,,.13708878,-.00093383918,,,,TCD
TGO,-.78216052,-.22706626,-.31951827,-.67447817,-.28454521,.52526355,.030044477,.16526404,.0034974997,.0014044688,-.012566888,-.012566888,.0052382462,.14325961,.012213909,.0036552616,.039008602,.050700907,.043460432,.0079325289,.051392961,.84564948,-.012566888,.038210467,-.012643334,.050777353,-.000076446369,.000062896732,.000062919171,.030518254,TGO
THA,.41482338,-.25018686,.52996922,-.076300614,.12565322,.058500439,.013743419,.090581365,.030022874,-.0026418017,.010882849,.010882849,.017558584,.055724282,.0370466,.0052011041,.036460336,.0034542005,.00083649723,.0073148115,.0081513086,.10262122,.010882849,.014484357,.010735541,.0036015084,-.00014730803,.000053472966,.000053484764,.00083649723,THA
TTO,.40828648,.39218751,-.62628341,-.15881205,.19739695,-.35070753,.025032489,.022884075,.022592168,-.01040389,.045873497,.045873497,.012225356,.069314793,.021564368,.014996478,.031350009,.0013897583,.00024771481,.0063219415,.0065696565,.037705902,.045873497,.047679871,.046290111,.0018063732,.0004166149,.000039897401,.000039793376,.00024771481,TTO
TUN,.0078714564,-.12128552,-.56599581,-.11773129,-.21931444,.29317588,.021005806,.032863006,.030891653,.0019116447,.014494038,.014494038,.0056285625,.09651006,.0055268593,.0040227585,.013265202,.0043124356,.0025870544,.0028418303,.0054288846,.47653514,.014494038,.019131985,.014819548,.0046379464,.00032551057,7.9622432e-06,7.9700421e-06,.0025870544,TUN
TUR,.16135019,.22554728,-.1677012,.59701717,.45438004,-.11930642,.006878871,.048432309,.059303455,-.0011421305,-.00047996282,-.00047996282,.016428867,.17960247,.024965884,.011583571,.040196516,.0029046084,.00051740214,.0082375919,.0087549938,.059097942,-.00047996282,.0024673338,-.00052265113,.0029472967,-.00004268828,.000067963367,.000067856097,.00051740214,TUR
TZA,-.38722742,-.051315352,-.28798667,-.30123708,.35758454,.42624828,.028322348,.24373342,.044472076,.0028028076,.014803118,.014803118,.008939106,.3835659,.023628607,.0061831111,.015286308,.035117496,.030803645,.0049118921,.035715535,.86247182,.014803118,.050180525,.015063029,.035377409,.00025991056,.000024038611,.000024059129,.030518254,TZA
URY,-.30077156,-.18197948,-.094173357,.10660246,.57694912,.014444219,.0098457653,-.0019062361,.025882581,.0073126461,.0055049136,.0055049136,.023911938,.20639224,.015793692,.18544321,.029115221,.0061887293,.0030194994,.0061982847,.0092177847,.32757324,.0055049136,.012194759,.0060060299,.0066898451,.00050111604,.000040213519,.000038167618,.0030194994,URY
USA,-.073213845,-.27355602,-.18996218,-.11698776,.64641482,-.42295837,.010565097,-.0031059706,.037327763,-.0032701355,.0082139559,.0082139559,.008293665,.017332729,.0086988918,.0047300542,.0075620338,-.000035436144,-7.4835866e-06,.0015542395,.001546756,-.0048382464,.0082139559,.0084919585,.0085273953,.00027800293,.00031343909,2.3151683e-06,2.3174166e-06,-7.4835866e-06,USA
ZAF,.22795065,.56285107,.053502224,.2179472,.35529277,.23964003,.018739553,-.0017634905,.029793531,-.0018419531,.0054919277,.0054919277,.039840274,.042311367,.010826429,.0018150426,.019608747,.0012766592,.00024041902,.0039464561,.0041868752,.057422064,.0054919277,.0040912833,.0053679422,-.0014006447,-.00012398549,.000015568119,.000015559144,.00024041902,ZAF
ZMB,.33731544,.16924343,.17967653,.30358523,.02903698,.18696968,.025136251,.030639771,.020207111,.0042221728,.031612523,.031612523,.0083474331,.083267123,.020118104,.010225017,.015944529,.0035589936,.0016460617,.0032980458,.0049441075,.33293402,.031612523,.027932514,.031491507,-.0036800085,-.00012101509,.000010901736,.000010862462,.0016460617,ZMB
